seq,old_address,alias,new_town,block,house,source_doc,source_page,confidence,note
1,京が丘南一丁目580番地の15,京が丘南一丁目7－14,京が丘南一丁目,7,14,kyougaoka.pdf,,high,
2,京が丘南一丁目580番地の16,京が丘南一丁目7－15,京が丘南一丁目,7,15,kyougaoka.pdf,,high,
3,京が丘南一丁目737番地の125,京が丘南一丁目14－1,京が丘南一丁目,14,1,kyougaoka.pdf,,high,
4,京が丘南一丁目737番地の126,京が丘南一丁目14－2,京が丘南一丁目,14,2,kyougaoka.pdf,,high,
5,京が丘南一丁目737番地の127,京が丘南一丁目14－3,京が丘南一丁目,14,3,kyougaoka.pdf,,high,
6,京が丘南一丁目737番地の128,京が丘南一丁目14－4,京が丘南一丁目,14,4,kyougaoka.pdf,,high,
7,京が丘南一丁目737番地の130,京が丘南一丁目14－5,京が丘南一丁目,14,5,kyougaoka.pdf,,high,
8,京が丘南一丁目737番地の131,京が丘南一丁目14－6,京が丘南一丁目,14,6,kyougaoka.pdf,,high,
9,京が丘南一丁目737番地の132,京が丘南一丁目14－7,京が丘南一丁目,14,7,kyougaoka.pdf,,high,
10,京が丘南一丁目737番地の133,京が丘南一丁目14－8,京が丘南一丁目,14,8,kyougaoka.pdf,,high,資料上2回出現
11,京が丘南一丁目824番地の14,,京が丘南一丁目,10,1,kyougaoka.pdf,,high,資料上通称の記載なし
12,京が丘南一丁目852番地の133,京が丘南一丁目6－3,京が丘南一丁目,6,3,kyougaoka.pdf,,high,
13,京が丘南一丁目852番地の14,京が丘南一丁目3－2,京が丘南一丁目,3,2,kyougaoka.pdf,,high,
14,京が丘南一丁目852番地の15,京が丘南一丁目3－3,京が丘南一丁目,3,3,kyougaoka.pdf,,high,
15,京が丘南一丁目852番地の16,京が丘南一丁目3－4,京が丘南一丁目,3,4,kyougaoka.pdf,,high,
16,京が丘南一丁目852番地の17,京が丘南一丁目3－5,京が丘南一丁目,3,5,kyougaoka.pdf,,high,
17,京が丘南一丁目852番地の19,京が丘南一丁目3－7,京が丘南一丁目,3,7,kyougaoka.pdf,,high,
18,京が丘南一丁目852番地の21,京が丘南一丁目4－1,京が丘南一丁目,4,1,kyougaoka.pdf,,high,資料上2回出現
19,京が丘南一丁目852番地の22,京が丘南一丁目4－2,京が丘南一丁目,4,2,kyougaoka.pdf,,high,
20,京が丘南一丁目852番地の23,京が丘南一丁目4－3,京が丘南一丁目,4,3,kyougaoka.pdf,,high,
21,京が丘南一丁目852番地の24,京が丘南一丁目4－4,京が丘南一丁目,4,4,kyougaoka.pdf,,high,
22,京が丘南一丁目852番地の25,京が丘南一丁目4－5,京が丘南一丁目,4,5,kyougaoka.pdf,,high,
23,京が丘南一丁目852番地の26,京が丘南一丁目4－6,京が丘南一丁目,4,6,kyougaoka.pdf,,high,資料上2回出現
24,京が丘南一丁目852番地の27,京が丘南一丁目4－7,京が丘南一丁目,4,7,kyougaoka.pdf,,high,
25,京が丘南一丁目852番地の28,京が丘南一丁目4－8,京が丘南一丁目,4,8,kyougaoka.pdf,,high,
26,京が丘南一丁目852番地の29,京が丘南一丁目5－1,京が丘南一丁目,5,1,kyougaoka.pdf,,high,
27,京が丘南一丁目852番地の30,京が丘南一丁目5－2,京が丘南一丁目,5,2,kyougaoka.pdf,,high,
28,京が丘南一丁目852番地の31,京が丘南一丁目5－3,京が丘南一丁目,5,3,kyougaoka.pdf,,high,
29,京が丘南一丁目852番地の32,京が丘南一丁目5－4,京が丘南一丁目,5,4,kyougaoka.pdf,,high,
30,京が丘南一丁目852番地の33,京が丘南一丁目5－5,京が丘南一丁目,5,5,kyougaoka.pdf,,high,
31,京が丘南一丁目852番地の34,京が丘南一丁目5－6,京が丘南一丁目,5,6,kyougaoka.pdf,,high,
32,京が丘南一丁目852番地の35,京が丘南一丁目6－1,京が丘南一丁目,6,1,kyougaoka.pdf,,high,
33,京が丘南一丁目852番地の36,京が丘南一丁目6－2,京が丘南一丁目,6,2,kyougaoka.pdf,,high,
34,京が丘南一丁目852番地の37,京が丘南一丁目7－1,京が丘南一丁目,7,1,kyougaoka.pdf,,high,
35,京が丘南一丁目852番地の38,京が丘南一丁目7－2,京が丘南一丁目,7,2,kyougaoka.pdf,,high,
36,京が丘南一丁目852番地の39,京が丘南一丁目7－3,京が丘南一丁目,7,3,kyougaoka.pdf,,high,
37,京が丘南一丁目852番地の40,京が丘南一丁目7－4,京が丘南一丁目,7,4,kyougaoka.pdf,,high,
38,京が丘南一丁目852番地の41,京が丘南一丁目7－5,京が丘南一丁目,7,5,kyougaoka.pdf,,high,
39,京が丘南一丁目852番地の42,京が丘南一丁目7－6,京が丘南一丁目,7,6,kyougaoka.pdf,,high,
40,京が丘南一丁目852番地の43,京が丘南一丁目7－7,京が丘南一丁目,7,7,kyougaoka.pdf,,high,
41,京が丘南一丁目852番地の44,京が丘南一丁目7－8,京が丘南一丁目,7,8,kyougaoka.pdf,,high,
42,京が丘南一丁目852番地の45,京が丘南一丁目7－9,京が丘南一丁目,7,9,kyougaoka.pdf,,high,
43,京が丘南一丁目852番地の46,京が丘南一丁目7－10,京が丘南一丁目,7,10,kyougaoka.pdf,,high,
44,京が丘南一丁目852番地の47,京が丘南一丁目7－11,京が丘南一丁目,7,11,kyougaoka.pdf,,high,
45,京が丘南一丁目852番地の48,京が丘南一丁目7－12,京が丘南一丁目,7,12,kyougaoka.pdf,,high,
46,京が丘南一丁目852番地の49,京が丘南一丁目7－13,京が丘南一丁目,7,13,kyougaoka.pdf,,high,資料上2回出現
47,京が丘南一丁目856番地の14,京が丘南一丁目3－8,京が丘南一丁目,3,8,kyougaoka.pdf,,high,
48,京が丘南一丁目856番地の9,京が丘南一丁目3－1,京が丘南一丁目,3,1,kyougaoka.pdf,,high,
49,京が丘南一丁目859番地の6,京が丘南一丁目8－1,京が丘南一丁目,8,1,kyougaoka.pdf,,high,資料上2回出現
50,京が丘南一丁目861番地の21,京が丘南一丁目3－6,京が丘南一丁目,3,6,kyougaoka.pdf,,high,
51,京が丘南二丁目613番地の10,京が丘南二丁目21－13,京が丘南二丁目,21,13,kyougaoka.pdf,,high,
52,京が丘南二丁目613番地の11,京が丘南二丁目21－14,京が丘南二丁目,21,14,kyougaoka.pdf,,high,
53,京が丘南二丁目613番地の12,京が丘南二丁目21－15,京が丘南二丁目,21,15,kyougaoka.pdf,,high,
54,京が丘南二丁目613番地の15,京が丘南二丁目21－2,京が丘南二丁目,21,2,kyougaoka.pdf,,high,
55,京が丘南二丁目613番地の16,京が丘南二丁目21－3,京が丘南二丁目,21,3,kyougaoka.pdf,,high,
56,京が丘南二丁目613番地の17,京が丘南二丁目21－4,京が丘南二丁目,21,4,kyougaoka.pdf,,high,
57,京が丘南二丁目613番地の20,京が丘南二丁目20－15,京が丘南二丁目,20,15,kyougaoka.pdf,,high,
58,京が丘南二丁目613番地の21,京が丘南二丁目20－16,京が丘南二丁目,20,16,kyougaoka.pdf,,high,
59,京が丘南二丁目613番地の22,京が丘南二丁目20－17,京が丘南二丁目,20,17,kyougaoka.pdf,,high,
60,京が丘南二丁目613番地の23,京が丘南二丁目20－18,京が丘南二丁目,20,18,kyougaoka.pdf,,high,
61,京が丘南二丁目613番地の25,京が丘南二丁目20－1,京が丘南二丁目,20,1,kyougaoka.pdf,,high,
62,京が丘南二丁目613番地の26,京が丘南二丁目20－2,京が丘南二丁目,20,2,kyougaoka.pdf,,high,資料上2回出現
63,京が丘南二丁目613番地の27,京が丘南二丁目20－3,京が丘南二丁目,20,3,kyougaoka.pdf,,high,
64,京が丘南二丁目613番地の33,京が丘南二丁目19－5,京が丘南二丁目,19,5,kyougaoka.pdf,,high,
65,京が丘南二丁目613番地の34,京が丘南二丁目19－4,京が丘南二丁目,19,4,kyougaoka.pdf,,high,
66,京が丘南二丁目613番地の35,京が丘南二丁目19－3,京が丘南二丁目,19,3,kyougaoka.pdf,,high,
67,京が丘南二丁目613番地の36,京が丘南二丁目19－2,京が丘南二丁目,19,2,kyougaoka.pdf,,high,
68,京が丘南二丁目613番地の37,京が丘南二丁目19－1,京が丘南二丁目,19,1,kyougaoka.pdf,,high,
69,京が丘南二丁目613番地の5,京が丘南二丁目23－2,京が丘南二丁目,23,2,kyougaoka.pdf,,high,
70,京が丘南二丁目613番地の6,京が丘南二丁目22-1,京が丘南二丁目,22,1,kyougaoka.pdf,,high,
71,京が丘南二丁目622番地の6,京が丘南二丁目23－1,京が丘南二丁目,23,1,kyougaoka.pdf,,high,
72,京が丘南二丁目622番地の7,京が丘南二丁目21－16,京が丘南二丁目,21,16,kyougaoka.pdf,,high,
73,京が丘南二丁目622番地の8,京が丘南二丁目21－1,京が丘南二丁目,21,1,kyougaoka.pdf,,high,
74,京が丘南二丁目632番地の10,京が丘南二丁目22－3,京が丘南二丁目,22,3,kyougaoka.pdf,,high,
75,京が丘南二丁目632番地の11,京が丘南二丁目22－2,京が丘南二丁目,22,2,kyougaoka.pdf,,high,
76,京が丘南二丁目632番地の6,京が丘南二丁目23－3,京が丘南二丁目,23,3,kyougaoka.pdf,,high,
77,京が丘南二丁目632番地の8,京が丘南二丁目22－9,京が丘南二丁目,22,9,kyougaoka.pdf,,high,
78,京が丘南二丁目632番地の9,京が丘南二丁目22－8,京が丘南二丁目,22,8,kyougaoka.pdf,,high,
79,京が丘南二丁目736番地の12,京が丘南二丁目22－4,京が丘南二丁目,22,4,kyougaoka.pdf,,high,
80,京が丘南二丁目736番地の13,京が丘南二丁目22－5,京が丘南二丁目,22,5,kyougaoka.pdf,,high,
81,京が丘南二丁目736番地の6,京が丘南二丁目23－4,京が丘南二丁目,23,4,kyougaoka.pdf,,high,
82,京が丘南二丁目736番地の8,京が丘南二丁目22－6,京が丘南二丁目,22,6,kyougaoka.pdf,,high,
83,京が丘南二丁目736番地の9,京が丘南二丁目22－7,京が丘南二丁目,22,7,kyougaoka.pdf,,high,
84,京が丘南二丁目737番地の100,京が丘南二丁目9－15,京が丘南二丁目,9,15,kyougaoka.pdf,,high,
85,京が丘南二丁目737番地の103,京が丘南二丁目9－6,京が丘南二丁目,9,6,kyougaoka.pdf,,high,
86,京が丘南二丁目737番地の104,京が丘南二丁目9－7,京が丘南二丁目,9,7,kyougaoka.pdf,,high,資料上2回出現
87,京が丘南二丁目737番地の105,京が丘南二丁目9－8,京が丘南二丁目,9,8,kyougaoka.pdf,,high,
88,京が丘南二丁目737番地の106,京が丘南二丁目9－9,京が丘南二丁目,9,9,kyougaoka.pdf,,high,
89,京が丘南二丁目737番地の107,京が丘南二丁目9－10,京が丘南二丁目,9,10,kyougaoka.pdf,,high,
90,京が丘南二丁目737番地の110,京が丘南二丁目12－9,京が丘南二丁目,12,9,kyougaoka.pdf,,high,
91,京が丘南二丁目737番地の111,京が丘南二丁目12－8,京が丘南二丁目,12,8,kyougaoka.pdf,,high,
92,京が丘南二丁目737番地の112,京が丘南二丁目12－7,京が丘南二丁目,12,7,kyougaoka.pdf,,high,
93,京が丘南二丁目737番地の113,京が丘南二丁目12－12,京が丘南二丁目,12,12,kyougaoka.pdf,,high,
94,京が丘南二丁目737番地の114,京が丘南二丁目12－11,京が丘南二丁目,12,11,kyougaoka.pdf,,high,
95,京が丘南二丁目737番地の115,京が丘南二丁目12－10,京が丘南二丁目,12,10,kyougaoka.pdf,,high,
96,京が丘南二丁目737番地の116,京が丘南二丁目13－8,京が丘南二丁目,13,8,kyougaoka.pdf,,high,
97,京が丘南二丁目737番地の117,京が丘南二丁目13－7,京が丘南二丁目,13,7,kyougaoka.pdf,,high,
98,京が丘南二丁目737番地の119,京が丘南二丁目13－11,京が丘南二丁目,13,11,kyougaoka.pdf,,high,
99,京が丘南二丁目737番地の120,京が丘南二丁目13－10,京が丘南二丁目,13,10,kyougaoka.pdf,,high,
100,京が丘南二丁目737番地の121,京が丘南二丁目13－9,京が丘南二丁目,13,9,kyougaoka.pdf,,high,
101,京が丘南二丁目737番地の22,京が丘南二丁目21－9,京が丘南二丁目,21,9,kyougaoka.pdf,,high,
102,京が丘南二丁目737番地の23,京が丘南二丁目21－10,京が丘南二丁目,21,10,kyougaoka.pdf,,high,
103,京が丘南二丁目737番地の24,京が丘南二丁目21－11,京が丘南二丁目,21,11,kyougaoka.pdf,,high,
104,京が丘南二丁目737番地の26,京が丘南二丁目21－5,京が丘南二丁目,21,5,kyougaoka.pdf,,high,
105,京が丘南二丁目737番地の27,京が丘南二丁目21－6,京が丘南二丁目,21,6,kyougaoka.pdf,,high,資料上2回出現
106,京が丘南二丁目737番地の28,京が丘南二丁目21－7,京が丘南二丁目,21,7,kyougaoka.pdf,,high,
107,京が丘南二丁目737番地の29,京が丘南二丁目21－8,京が丘南二丁目,21,8,kyougaoka.pdf,,high,
108,京が丘南二丁目737番地の30,京が丘南二丁目20－10,京が丘南二丁目,20,10,kyougaoka.pdf,,high,
109,京が丘南二丁目737番地の31,京が丘南二丁目20－11,京が丘南二丁目,20,11,kyougaoka.pdf,,high,
110,京が丘南二丁目737番地の32,京が丘南二丁目20－12,京が丘南二丁目,20,12,kyougaoka.pdf,,high,
111,京が丘南二丁目737番地の33,京が丘南二丁目20－13,京が丘南二丁目,20,13,kyougaoka.pdf,,high,
112,京が丘南二丁目737番地の34,京が丘南二丁目20－14,京が丘南二丁目,20,14,kyougaoka.pdf,,high,
113,京が丘南二丁目737番地の36,京が丘南二丁目20－6,京が丘南二丁目,20,6,kyougaoka.pdf,,high,
114,京が丘南二丁目737番地の37,京が丘南二丁目20－7,京が丘南二丁目,20,7,kyougaoka.pdf,,high,
115,京が丘南二丁目737番地の38,京が丘南二丁目20－8,京が丘南二丁目,20,8,kyougaoka.pdf,,high,
116,京が丘南二丁目737番地の39,京が丘南二丁目20－9,京が丘南二丁目,20,9,kyougaoka.pdf,,high,
117,京が丘南二丁目737番地の41,京が丘南二丁目18－4,京が丘南二丁目,18,4,kyougaoka.pdf,,high,
118,京が丘南二丁目737番地の42,京が丘南二丁目18－3,京が丘南二丁目,18,3,kyougaoka.pdf,,high,
119,京が丘南二丁目737番地の43,京が丘南二丁目18－2,京が丘南二丁目,18,2,kyougaoka.pdf,,high,
120,京が丘南二丁目737番地の44,京が丘南二丁目18－1,京が丘南二丁目,18,1,kyougaoka.pdf,,high,
121,京が丘南二丁目737番地の46,京が丘南二丁目19－10,京が丘南二丁目,19,10,kyougaoka.pdf,,high,
122,京が丘南二丁目737番地の51,京が丘南二丁目16－6,京が丘南二丁目,16,6,kyougaoka.pdf,,high,
123,京が丘南二丁目737番地の52,京が丘南二丁目16－7,京が丘南二丁目,16,7,kyougaoka.pdf,,high,
124,京が丘南二丁目737番地の53,京が丘南二丁目16－8,京が丘南二丁目,16,8,kyougaoka.pdf,,high,
125,京が丘南二丁目737番地の54,京が丘南二丁目16－9,京が丘南二丁目,16,9,kyougaoka.pdf,,high,
126,京が丘南二丁目737番地の55,京が丘南二丁目17－1,京が丘南二丁目,17,1,kyougaoka.pdf,,high,
127,京が丘南二丁目737番地の56,京が丘南二丁目17－2,京が丘南二丁目,17,2,kyougaoka.pdf,,high,
128,京が丘南二丁目737番地の57,京が丘南二丁目17－3,京が丘南二丁目,17,3,kyougaoka.pdf,,high,
129,京が丘南二丁目737番地の58,京が丘南二丁目17－4,京が丘南二丁目,17,4,kyougaoka.pdf,,high,
130,京が丘南二丁目737番地の59,京が丘南二丁目17－5,京が丘南二丁目,17,5,kyougaoka.pdf,,high,資料上2回出現
131,京が丘南二丁目737番地の60,京が丘南二丁目17－6,京が丘南二丁目,17,6,kyougaoka.pdf,,high,
132,京が丘南二丁目737番地の61,京が丘南二丁目17－7,京が丘南二丁目,17,7,kyougaoka.pdf,,high,
133,京が丘南二丁目737番地の62,京が丘南二丁目17－8,京が丘南二丁目,17,8,kyougaoka.pdf,,high,
134,京が丘南二丁目737番地の65,京が丘南二丁目11－7,京が丘南二丁目,11,7,kyougaoka.pdf,,high,
135,京が丘南二丁目737番地の66,京が丘南二丁目11－8,京が丘南二丁目,11,8,kyougaoka.pdf,,high,資料上2回出現
136,京が丘南二丁目737番地の67,京が丘南二丁目11－9,京が丘南二丁目,11,9,kyougaoka.pdf,,high,
137,京が丘南二丁目737番地の68,京が丘南二丁目11－10,京が丘南二丁目,11,10,kyougaoka.pdf,,high,資料上2回出現
138,京が丘南二丁目737番地の69,京が丘南二丁目11番11号,京が丘南二丁目,11,11,kyougaoka.pdf,,high,
139,京が丘南二丁目737番地の70,京が丘南二丁目11－12,京が丘南二丁目,11,12,kyougaoka.pdf,,high,
140,京が丘南二丁目737番地の71,京が丘南二丁目11－13,京が丘南二丁目,11,13,kyougaoka.pdf,,high,
141,京が丘南二丁目737番地の72,京が丘南二丁目11－14,京が丘南二丁目,11,14,kyougaoka.pdf,,high,
142,京が丘南二丁目737番地の73,京が丘南二丁目11－1,京が丘南二丁目,11,1,kyougaoka.pdf,,high,
143,京が丘南二丁目737番地の74,京が丘南二丁目11－2,京が丘南二丁目,11,2,kyougaoka.pdf,,high,
144,京が丘南二丁目737番地の75,京が丘南二丁目11－3,京が丘南二丁目,11,3,kyougaoka.pdf,,high,
145,京が丘南二丁目737番地の76,京が丘南二丁目11－4,京が丘南二丁目,11,4,kyougaoka.pdf,,high,
146,京が丘南二丁目737番地の77,京が丘南二丁目11－5,京が丘南二丁目,11,5,kyougaoka.pdf,,high,
147,京が丘南二丁目737番地の78,京が丘南二丁目11－6,京が丘南二丁目,11,6,kyougaoka.pdf,,high,
148,京が丘南二丁目737番地の79,京が丘南二丁目10－10,京が丘南二丁目,10,10,kyougaoka.pdf,,high,
149,京が丘南二丁目737番地の80,京が丘南二丁目10－11,京が丘南二丁目,10,11,kyougaoka.pdf,,high,
150,京が丘南二丁目737番地の81,京が丘南二丁目10－12,京が丘南二丁目,10,12,kyougaoka.pdf,,high,
151,京が丘南二丁目737番地の82,京が丘南二丁目10－13,京が丘南二丁目,10,13,kyougaoka.pdf,,high,
152,京が丘南二丁目737番地の83,京が丘南二丁目10－14,京が丘南二丁目,10,14,kyougaoka.pdf,,high,
153,京が丘南二丁目737番地の84,京が丘南二丁目10－15,京が丘南二丁目,10,15,kyougaoka.pdf,,high,
154,京が丘南二丁目737番地の85,京が丘南二丁目10－16,京が丘南二丁目,10,16,kyougaoka.pdf,,high,
155,京が丘南二丁目737番地の86,京が丘南二丁目10－17,京が丘南二丁目,10,17,kyougaoka.pdf,,high,
156,京が丘南二丁目737番地の87,京が丘南二丁目10－18,京が丘南二丁目,10,18,kyougaoka.pdf,,high,
157,京が丘南二丁目737番地の91,京が丘南二丁目10－5,京が丘南二丁目,10,5,kyougaoka.pdf,,high,
158,京が丘南二丁目737番地の92,京が丘南二丁目10－6,京が丘南二丁目,10,6,kyougaoka.pdf,,high,
159,京が丘南二丁目737番地の93,京が丘南二丁目10番7号,京が丘南二丁目,10,7,kyougaoka.pdf,,high,
160,京が丘南二丁目737番地の94,京が丘南二丁目10－8,京が丘南二丁目,10,8,kyougaoka.pdf,,high,
161,京が丘南二丁目737番地の95,京が丘南二丁目10－9,京が丘南二丁目,10,9,kyougaoka.pdf,,high,資料上2回出現
162,京が丘南二丁目737番地の96,京が丘南二丁目9－11,京が丘南二丁目,9,11,kyougaoka.pdf,,high,
163,京が丘南二丁目737番地の97,京が丘南二丁目9－12,京が丘南二丁目,9,12,kyougaoka.pdf,,high,
164,京が丘南二丁目737番地の98,京が丘南二丁目9－13,京が丘南二丁目,9,13,kyougaoka.pdf,,high,
165,京が丘南二丁目737番地の99,京が丘南二丁目9－14,京が丘南二丁目,9,14,kyougaoka.pdf,,high,
166,京が丘南二丁目824－13,,京が丘南二丁目,8,6,kyougaoka.pdf,,high,資料上2回出現、資料上通称の記載なし
167,京が丘南二丁目832番地の10,京が丘南二丁目15－2,京が丘南二丁目,15,2,kyougaoka.pdf,,high,
168,京が丘南二丁目832番地の11,京が丘南二丁目15－3,京が丘南二丁目,15,3,kyougaoka.pdf,,high,
169,京が丘南二丁目832番地の12,京が丘南二丁目15－4,京が丘南二丁目,15,4,kyougaoka.pdf,,high,
170,京が丘南二丁目832番地の13,京が丘南二丁目15－5,京が丘南二丁目,15,5,kyougaoka.pdf,,high,
171,京が丘南二丁目832番地の14,京が丘南二丁目15－6,京が丘南二丁目,15,6,kyougaoka.pdf,,high,資料上2回出現
172,京が丘南二丁目832番地の16,京が丘南二丁目14－11,京が丘南二丁目,14,11,kyougaoka.pdf,,high,
173,京が丘南二丁目832番地の17,京が丘南二丁目14－12,京が丘南二丁目,14,12,kyougaoka.pdf,,high,
174,京が丘南二丁目832番地の18,京が丘南二丁目14－13,京が丘南二丁目,14,13,kyougaoka.pdf,,high,
175,京が丘南二丁目832番地の19,京が丘南二丁目14－14,京が丘南二丁目,14,14,kyougaoka.pdf,,high,資料上2回出現
176,京が丘南二丁目832番地の20,京が丘南二丁目14－1,京が丘南二丁目,14,1,kyougaoka.pdf,,high,
177,京が丘南二丁目832番地の21,京が丘南二丁目14番2号,京が丘南二丁目,14,2,kyougaoka.pdf,,high,
178,京が丘南二丁目832番地の22,京が丘南二丁目14－3,京が丘南二丁目,14,3,kyougaoka.pdf,,high,
179,京が丘南二丁目832番地の23,京が丘南二丁目14－4,京が丘南二丁目,14,4,kyougaoka.pdf,,high,
180,京が丘南二丁目832番地の24,京が丘南二丁目14－5,京が丘南二丁目,14,5,kyougaoka.pdf,,high,
181,京が丘南二丁目832番地の25,京が丘南二丁目14－6,京が丘南二丁目,14,6,kyougaoka.pdf,,high,
182,京が丘南二丁目832番地の28,京が丘南二丁目13－12,京が丘南二丁目,13,12,kyougaoka.pdf,,high,
183,京が丘南二丁目832番地の29,京が丘南二丁目13－13,京が丘南二丁目,13,13,kyougaoka.pdf,,high,
184,京が丘南二丁目832番地の30,京が丘南二丁目13－14,京が丘南二丁目,13,14,kyougaoka.pdf,,high,
185,京が丘南二丁目832番地の31,京が丘南二丁目13－1,京が丘南二丁目,13,1,kyougaoka.pdf,,high,
186,京が丘南二丁目832番地の33,京が丘南二丁目13－2,京が丘南二丁目,13,2,kyougaoka.pdf,,high,
187,京が丘南二丁目832番地の34,京が丘南二丁目13－3,京が丘南二丁目,13,3,kyougaoka.pdf,,high,
188,京が丘南二丁目832番地の35,京が丘南二丁目13－4,京が丘南二丁目,13,4,kyougaoka.pdf,,high,
189,京が丘南二丁目832番地の36,京が丘南二丁目13－5,京が丘南二丁目,13,5,kyougaoka.pdf,,high,
190,京が丘南二丁目832番地の37,京が丘南二丁目13－6,京が丘南二丁目,13,6,kyougaoka.pdf,,high,
191,京が丘南二丁目832番地の39,京が丘南二丁目12－13,京が丘南二丁目,12,13,kyougaoka.pdf,,high,
192,京が丘南二丁目832番地の40,京が丘南二丁目12－14,京が丘南二丁目,12,14,kyougaoka.pdf,,high,
193,京が丘南二丁目832番地の41,京が丘南二丁目12－15,京が丘南二丁目,12,15,kyougaoka.pdf,,high,
194,京が丘南二丁目832番地の42,京が丘南二丁目12－16,京が丘南二丁目,12,16,kyougaoka.pdf,,high,
195,京が丘南二丁目832番地の43,京が丘南二丁目12－1,京が丘南二丁目,12,1,kyougaoka.pdf,,high,
196,京が丘南二丁目832番地の44,京が丘南二丁目12－2,京が丘南二丁目,12,2,kyougaoka.pdf,,high,
197,京が丘南二丁目832番地の45,京が丘南二丁目12－3,京が丘南二丁目,12,3,kyougaoka.pdf,,high,
198,京が丘南二丁目832番地の46,京が丘南二丁目12－4,京が丘南二丁目,12,4,kyougaoka.pdf,,high,
199,京が丘南二丁目832番地の47,京が丘南二丁目12－5,京が丘南二丁目,12,5,kyougaoka.pdf,,high,
200,京が丘南二丁目832番地の48,京が丘南二丁目12－6,京が丘南二丁目,12,6,kyougaoka.pdf,,high,
201,京が丘南二丁目832番地の5,京が丘南二丁目15番13号,京が丘南二丁目,15,13,kyougaoka.pdf,,high,
202,京が丘南二丁目832番地の53,京が丘南二丁目10－1,京が丘南二丁目,10,1,kyougaoka.pdf,,high,
203,京が丘南二丁目832番地の54,京が丘南二丁目10－2,京が丘南二丁目,10,2,kyougaoka.pdf,,high,
204,京が丘南二丁目832番地の55,京が丘南二丁目10－3,京が丘南二丁目,10,3,kyougaoka.pdf,,high,
205,京が丘南二丁目832番地の56,京が丘南二丁目10－4,京が丘南二丁目,10,4,kyougaoka.pdf,,high,
206,京が丘南二丁目832番地の57,京が丘南二丁目9－16,京が丘南二丁目,9,16,kyougaoka.pdf,,high,
207,京が丘南二丁目832番地の58,京が丘南二丁目9－17,京が丘南二丁目,9,17,kyougaoka.pdf,,high,
208,京が丘南二丁目832番地の59,京が丘南二丁目9－18,京が丘南二丁目,9,18,kyougaoka.pdf,,high,
209,京が丘南二丁目832番地の6,京が丘南二丁目15－14,京が丘南二丁目,15,14,kyougaoka.pdf,,high,
210,京が丘南二丁目832番地の60,京が丘南二丁目9－19,京が丘南二丁目,9,19,kyougaoka.pdf,,high,
211,京が丘南二丁目832番地の61,京が丘南二丁目9－20,京が丘南二丁目,9,20,kyougaoka.pdf,,high,
212,京が丘南二丁目832番地の62,京が丘南二丁目9－1,京が丘南二丁目,9,1,kyougaoka.pdf,,high,
213,京が丘南二丁目832番地の63,京が丘南二丁目9－2,京が丘南二丁目,9,2,kyougaoka.pdf,,high,
214,京が丘南二丁目832番地の64,京が丘南二丁目9－3,京が丘南二丁目,9,3,kyougaoka.pdf,,high,
215,京が丘南二丁目832番地の65,京が丘南二丁目9－4,京が丘南二丁目,9,4,kyougaoka.pdf,,high,
216,京が丘南二丁目832番地の66,京が丘南二丁目9－5,京が丘南二丁目,9,5,kyougaoka.pdf,,high,
217,京が丘南二丁目832番地の68,京が丘南二丁目8－4,京が丘南二丁目,8,4,kyougaoka.pdf,,high,資料上3回出現
218,京が丘南二丁目832番地の69,京が丘南二丁目8－3,京が丘南二丁目,8,3,kyougaoka.pdf,,high,
219,京が丘南二丁目832番地の7,京が丘南二丁目15－15,京が丘南二丁目,15,15,kyougaoka.pdf,,high,
220,京が丘南二丁目832番地の70,京が丘南二丁目8－2,京が丘南二丁目,8,2,kyougaoka.pdf,,high,
221,京が丘南二丁目832番地の71,京が丘南二丁目8－1,京が丘南二丁目,8,1,kyougaoka.pdf,,high,
222,京が丘南二丁目832番地の8,京が丘南二丁目15－16,京が丘南二丁目,15,16,kyougaoka.pdf,,high,
223,京が丘南二丁目832番地の9,京が丘南二丁目15－1,京が丘南二丁目,15,1,kyougaoka.pdf,,high,
224,京が丘南二丁目833番地の14,京が丘南二丁目4－10,京が丘南二丁目,4,10,kyougaoka.pdf,,high,
225,京が丘南二丁目833番地の15,京が丘南二丁目4－11,京が丘南二丁目,4,11,kyougaoka.pdf,,high,
226,京が丘南二丁目833番地の16,京が丘南二丁目4－12,京が丘南二丁目,4,12,kyougaoka.pdf,,high,
227,京が丘南二丁目833番地の17,京が丘南二丁目4－13,京が丘南二丁目,4,13,kyougaoka.pdf,,high,
228,京が丘南二丁目833番地の20,京が丘南二丁目5－5,京が丘南二丁目,5,5,kyougaoka.pdf,,high,
229,京が丘南二丁目833番地の21,京が丘南二丁目5－6,京が丘南二丁目,5,6,kyougaoka.pdf,,high,
230,京が丘南二丁目833番地の22,京が丘南二丁目5－7,京が丘南二丁目,5,7,kyougaoka.pdf,,high,
231,京が丘南二丁目833番地の23,京が丘南二丁目5－8,京が丘南二丁目,5,8,kyougaoka.pdf,,high,
232,京が丘南二丁目833番地の24,京が丘南二丁目5－9,京が丘南二丁目,5,9,kyougaoka.pdf,,high,
233,京が丘南二丁目833番地の25,京が丘南二丁目5－10,京が丘南二丁目,5,10,kyougaoka.pdf,,high,
234,京が丘南二丁目833番地の27,京が丘南二丁目5－12,京が丘南二丁目,5,12,kyougaoka.pdf,,high,
235,京が丘南二丁目833番地の28,京が丘南二丁目5－13,京が丘南二丁目,5,13,kyougaoka.pdf,,high,
236,京が丘南二丁目833番地の29,京が丘南二丁目5－14,京が丘南二丁目,5,14,kyougaoka.pdf,,high,
237,京が丘南二丁目833番地の32,京が丘南二丁目6－2,京が丘南二丁目,6,2,kyougaoka.pdf,,high,
238,京が丘南二丁目833番地の33,京が丘南二丁目6－3,京が丘南二丁目,6,3,kyougaoka.pdf,,high,
239,京が丘南二丁目833番地の34,京が丘南二丁目6－4,京が丘南二丁目,6,4,kyougaoka.pdf,,high,
240,京が丘南二丁目833番地の35,京が丘南二丁目6－5,京が丘南二丁目,6,5,kyougaoka.pdf,,high,
241,京が丘南二丁目833番地の36,京が丘南二丁目7－1,京が丘南二丁目,7,1,kyougaoka.pdf,,high,
242,京が丘南二丁目833番地の37,京が丘南二丁目7－2,京が丘南二丁目,7,2,kyougaoka.pdf,,high,
243,京が丘南二丁目833番地の38,京が丘南二丁目7－3,京が丘南二丁目,7,3,kyougaoka.pdf,,high,
244,京が丘南二丁目833番地の39,京が丘南二丁目7－4,京が丘南二丁目,7,4,kyougaoka.pdf,,high,
245,京が丘南二丁目833番地の40,京が丘南二丁目7－5,京が丘南二丁目,7,5,kyougaoka.pdf,,high,
246,京が丘南二丁目833番地の41,京が丘南二丁目7－6,京が丘南二丁目,7,6,kyougaoka.pdf,,high,
247,京が丘南二丁目833番地の42,京が丘南二丁目7－7,京が丘南二丁目,7,7,kyougaoka.pdf,,high,
248,京が丘南二丁目833番地の7,京が丘南二丁目3－9,京が丘南二丁目,3,9,kyougaoka.pdf,,high,資料上2回出現
249,京が丘南二丁目848番地の10,京が丘南二丁目19－8,京が丘南二丁目,19,8,kyougaoka.pdf,,high,
250,京が丘南二丁目848番地の11,京が丘南二丁目19－7,京が丘南二丁目,19,7,kyougaoka.pdf,,high,
251,京が丘南二丁目848番地の12,京が丘南二丁目19－6,京が丘南二丁目,19,6,kyougaoka.pdf,,high,
252,京が丘南二丁目848番地の15,京が丘南二丁目16－5,京が丘南二丁目,16,5,kyougaoka.pdf,,high,
253,京が丘南二丁目848番地の16,京が丘南二丁目16－4,京が丘南二丁目,16,4,kyougaoka.pdf,,high,
254,京が丘南二丁目848番地の17,京が丘南二丁目16－3,京が丘南二丁目,16,3,kyougaoka.pdf,,high,
255,京が丘南二丁目848番地の18,京が丘南二丁目16－2,京が丘南二丁目,16,2,kyougaoka.pdf,,high,
256,京が丘南二丁目848番地の19,京が丘南二丁目16－1,京が丘南二丁目,16,1,kyougaoka.pdf,,high,
257,京が丘南二丁目848番地の20,京が丘南二丁目15－10,京が丘南二丁目,15,10,kyougaoka.pdf,,high,
258,京が丘南二丁目848番地の21,京が丘南二丁目15－11,京が丘南二丁目,15,11,kyougaoka.pdf,,high,
259,京が丘南二丁目848番地の22,京が丘南二丁目15－12,京が丘南二丁目,15,12,kyougaoka.pdf,,high,
260,京が丘南二丁目848番地の25,京が丘南二丁目15－7,京が丘南二丁目,15,7,kyougaoka.pdf,,high,
261,京が丘南二丁目848番地の26,京が丘南二丁目15－8,京が丘南二丁目,15,8,kyougaoka.pdf,,high,
262,京が丘南二丁目848番地の27,京が丘南二丁目15－9,京が丘南二丁目,15,9,kyougaoka.pdf,,high,
263,京が丘南二丁目848番地の29,京が丘南二丁目14－9,京が丘南二丁目,14,9,kyougaoka.pdf,,high,
264,京が丘南二丁目848番地の30,京が丘南二丁目14－10,京が丘南二丁目,14,10,kyougaoka.pdf,,high,
265,京が丘南二丁目848番地の33,京が丘南二丁目14－7,京が丘南二丁目,14,7,kyougaoka.pdf,,high,
266,京が丘南二丁目848番地の34,京が丘南二丁目14－8,京が丘南二丁目,14,8,kyougaoka.pdf,,high,
267,京が丘南二丁目848番地の5,京が丘南二丁目20－4,京が丘南二丁目,20,4,kyougaoka.pdf,,high,
268,京が丘南二丁目848番地の6,京が丘南二丁目20－5,京が丘南二丁目,20,5,kyougaoka.pdf,,high,資料上2回出現
269,京が丘南二丁目848番地の9,京が丘南二丁目19－9,京が丘南二丁目,19,9,kyougaoka.pdf,,high,
270,京が丘南二丁目852番地の101,京が丘南二丁目4－7,京が丘南二丁目,4,7,kyougaoka.pdf,,high,
271,京が丘南二丁目852番地の102,京が丘南二丁目4－8,京が丘南二丁目,4,8,kyougaoka.pdf,,high,
272,京が丘南二丁目852番地の103,京が丘南二丁目4－9,京が丘南二丁目,4,9,kyougaoka.pdf,,high,
273,京が丘南二丁目852番地の105,京が丘南二丁目4－14,京が丘南二丁目,4,14,kyougaoka.pdf,,high,
274,京が丘南二丁目852番地の106,京が丘南二丁目4－15,京が丘南二丁目,4,15,kyougaoka.pdf,,high,
275,京が丘南二丁目852番地の107,京が丘南二丁目4－16,京が丘南二丁目,4,16,kyougaoka.pdf,,high,
276,京が丘南二丁目852番地の109,京が丘南二丁目4－18,京が丘南二丁目,4,18,kyougaoka.pdf,,high,
277,京が丘南二丁目852番地の110,京が丘南二丁目4－19,京が丘南二丁目,4,19,kyougaoka.pdf,,high,
278,京が丘南二丁目852番地の112,京が丘南二丁目5－2,京が丘南二丁目,5,2,kyougaoka.pdf,,high,
279,京が丘南二丁目852番地の113,京が丘南二丁目5－3,京が丘南二丁目,5,3,kyougaoka.pdf,,high,
280,京が丘南二丁目852番地の116,京が丘南二丁目5－16,京が丘南二丁目,5,16,kyougaoka.pdf,,high,
281,京が丘南二丁目852番地の135,京が丘南二丁目1－11,京が丘南二丁目,1,11,kyougaoka.pdf,,high,
282,京が丘南二丁目852番地の55,京が丘南二丁目1－1,京が丘南二丁目,1,1,kyougaoka.pdf,,high,
283,京が丘南二丁目852番地の56,京が丘南二丁目1－2,京が丘南二丁目,1,2,kyougaoka.pdf,,high,
284,京が丘南二丁目852番地の57,京が丘南二丁目1－3,京が丘南二丁目,1,3,kyougaoka.pdf,,high,
285,京が丘南二丁目852番地の58,京が丘南二丁目1－4,京が丘南二丁目,1,4,kyougaoka.pdf,,high,
286,京が丘南二丁目852番地の59,京が丘南二丁目1－5,京が丘南二丁目,1,5,kyougaoka.pdf,,high,
287,京が丘南二丁目852番地の60,京が丘南二丁目1－6,京が丘南二丁目,1,6,kyougaoka.pdf,,high,資料上2回出現
288,京が丘南二丁目852番地の61,京が丘南二丁目1－7,京が丘南二丁目,1,7,kyougaoka.pdf,,high,
289,京が丘南二丁目852番地の63,京が丘南二丁目2－1,京が丘南二丁目,2,1,kyougaoka.pdf,,high,
290,京が丘南二丁目852番地の64,京が丘南二丁目2－2,京が丘南二丁目,2,2,kyougaoka.pdf,,high,
291,京が丘南二丁目852番地の65,京が丘南二丁目2－3,京が丘南二丁目,2,3,kyougaoka.pdf,,high,
292,京が丘南二丁目852番地の66,京が丘南二丁目2－4,京が丘南二丁目,2,4,kyougaoka.pdf,,high,
293,京が丘南二丁目852番地の68,京が丘南二丁目2－6,京が丘南二丁目,2,6,kyougaoka.pdf,,high,
294,京が丘南二丁目852番地の69,京が丘南二丁目2－7,京が丘南二丁目,2,7,kyougaoka.pdf,,high,
295,京が丘南二丁目852番地の70,京が丘南二丁目2－8,京が丘南二丁目,2,8,kyougaoka.pdf,,high,
296,京が丘南二丁目852番地の71,京が丘南二丁目2－9,京が丘南二丁目,2,9,kyougaoka.pdf,,high,
297,京が丘南二丁目852番地の72,京が丘南二丁目2－10,京が丘南二丁目,2,10,kyougaoka.pdf,,high,
298,京が丘南二丁目852番地の73,京が丘南二丁目2－11,京が丘南二丁目,2,11,kyougaoka.pdf,,high,
299,京が丘南二丁目852番地の74,京が丘南二丁目2－12,京が丘南二丁目,2,12,kyougaoka.pdf,,high,
300,京が丘南二丁目852番地の75,京が丘南二丁目2－13,京が丘南二丁目,2,13,kyougaoka.pdf,,high,
301,京が丘南二丁目852番地の77,京が丘南二丁目2－15,京が丘南二丁目,2,15,kyougaoka.pdf,,high,
302,京が丘南二丁目852番地の78,京が丘南二丁目2－16,京が丘南二丁目,2,16,kyougaoka.pdf,,high,
303,京が丘南二丁目852番地の79,京が丘南二丁目3－1,京が丘南二丁目,3,1,kyougaoka.pdf,,high,
304,京が丘南二丁目852番地の80,京が丘南二丁目3－2,京が丘南二丁目,3,2,kyougaoka.pdf,,high,
305,京が丘南二丁目852番地の81,京が丘南二丁目3－3,京が丘南二丁目,3,3,kyougaoka.pdf,,high,
306,京が丘南二丁目852番地の82,京が丘南二丁目3－4,京が丘南二丁目,3,4,kyougaoka.pdf,,high,
307,京が丘南二丁目852番地の84,京が丘南二丁目3－6,京が丘南二丁目,3,6,kyougaoka.pdf,,high,資料上2回出現
308,京が丘南二丁目852番地の85,京が丘南二丁目3－7,京が丘南二丁目,3,7,kyougaoka.pdf,,high,
309,京が丘南二丁目852番地の86,京が丘南二丁目3－8,京が丘南二丁目,3,8,kyougaoka.pdf,,high,
310,京が丘南二丁目852番地の88,京が丘南二丁目3－10,京が丘南二丁目,3,10,kyougaoka.pdf,,high,
311,京が丘南二丁目852番地の89,京が丘南二丁目3－11,京が丘南二丁目,3,11,kyougaoka.pdf,,high,
312,京が丘南二丁目852番地の90,京が丘南二丁目3－12,京が丘南二丁目,3,12,kyougaoka.pdf,,high,
313,京が丘南二丁目852番地の91,京が丘南二丁目3－13,京が丘南二丁目,3,13,kyougaoka.pdf,,high,
314,京が丘南二丁目852番地の93,京が丘南二丁目3－15,京が丘南二丁目,3,15,kyougaoka.pdf,,high,
315,京が丘南二丁目852番地の94,京が丘南二丁目3－16,京が丘南二丁目,3,16,kyougaoka.pdf,,high,
316,京が丘南二丁目852番地の95,京が丘南二丁目4－1,京が丘南二丁目,4,1,kyougaoka.pdf,,high,
317,京が丘南二丁目852番地の98,京が丘南二丁目4－4,京が丘南二丁目,4,4,kyougaoka.pdf,,high,
318,京が丘南二丁目852番地の99,京が丘南二丁目4－5,京が丘南二丁目,4,5,kyougaoka.pdf,,high,
319,京が丘南二丁目856番地の20,京が丘南二丁目1－10,京が丘南二丁目,1,10,kyougaoka.pdf,,high,
320,京が丘南二丁目856番地の22,京が丘南二丁目4－2,京が丘南二丁目,4,2,kyougaoka.pdf,,high,
321,京が丘南二丁目856番地の23,京が丘南二丁目4－3,京が丘南二丁目,4,3,kyougaoka.pdf,,high,
322,京が丘南二丁目856番地の25,京が丘南二丁目5－1,京が丘南二丁目,5,1,kyougaoka.pdf,,high,
323,京が丘南二丁目859番地の13,京が丘南二丁目1－8,京が丘南二丁目,1,8,kyougaoka.pdf,,high,資料上2回出現
324,京が丘南二丁目859番地の14,京が丘南二丁目1－9,京が丘南二丁目,1,9,kyougaoka.pdf,,high,資料上2回出現
325,大字下判田580番地の28,京が丘南二丁目24番1号,京が丘南三丁目,1,1,kyougaoka.pdf,,high,
326,大字下判田580番地の29,京が丘南二丁目25－1,京が丘南三丁目,2,1,kyougaoka.pdf,,high,
327,大字下判田580番地の31,京が丘南二丁目25－20,京が丘南三丁目,2,20,kyougaoka.pdf,,high,
328,大字下判田580番地の33,京が丘南二丁目25－19,京が丘南三丁目,2,19,kyougaoka.pdf,,high,
329,大字下判田580番地の35,京が丘南二丁目25－18,京が丘南三丁目,2,18,kyougaoka.pdf,,high,
330,大字下判田602番地の11,京が丘南二丁目32－13,京が丘南三丁目,9,13,kyougaoka.pdf,,high,
331,大字下判田602番地の13,京が丘南二丁目32－12,京が丘南三丁目,9,12,kyougaoka.pdf,,high,
332,大字下判田602番地の15,京が丘南二丁目32－11,京が丘南三丁目,9,11,kyougaoka.pdf,,high,
333,大字下判田602番地の17,京が丘南二丁目32－10,京が丘南三丁目,9,10,kyougaoka.pdf,,high,
334,大字下判田602番地の19,京が丘南二丁目32－9,京が丘南三丁目,9,9,kyougaoka.pdf,,high,
335,大字下判田602番地の20,京が丘南二丁目33－1,京が丘南三丁目,10,1,kyougaoka.pdf,,high,
336,大字下判田602番地の9,京が丘南二丁目32－14,京が丘南三丁目,9,14,kyougaoka.pdf,,high,
337,大字下判田604番地の21,京が丘南二丁目31－11,京が丘南三丁目,8,11,kyougaoka.pdf,,high,
338,大字下判田604番地の22,京が丘南二丁目31－10,京が丘南三丁目,8,10,kyougaoka.pdf,,high,
339,大字下判田604番地の25,京が丘南二丁目32－6,京が丘南三丁目,9,6,kyougaoka.pdf,,high,
340,大字下判田604番地の27,京が丘南二丁目32－7,京が丘南三丁目,9,7,kyougaoka.pdf,,high,資料上2回出現
341,大字下判田604番地の29,京が丘南二丁目32－8,京が丘南三丁目,9,8,kyougaoka.pdf,,high,
342,大字下判田604番地の31,京が丘南二丁目33－2,京が丘南三丁目,10,2,kyougaoka.pdf,,high,
343,大字下判田610番地の11,京が丘南二丁目33－9,京が丘南三丁目,10,9,kyougaoka.pdf,,high,
344,大字下判田610番地の12,京が丘南二丁目30－9,京が丘南三丁目,7,9,kyougaoka.pdf,,high,
345,大字下判田610番地の13,京が丘南二丁目30－10,京が丘南三丁目,7,10,kyougaoka.pdf,,high,
346,大字下判田610番地の14,京が丘南二丁目30－11,京が丘南三丁目,7,11,kyougaoka.pdf,,high,
347,大字下判田610番地の15,京が丘南二丁目31－7,京が丘南三丁目,8,7,kyougaoka.pdf,,high,
348,大字下判田610番地の16,京が丘南二丁目31－8,京が丘南三丁目,8,8,kyougaoka.pdf,,high,
349,大字下判田610番地の17,京が丘南二丁目31－9,京が丘南三丁目,8,9,kyougaoka.pdf,,high,
350,大字下判田610番地の20,京が丘南二丁目33－8,京が丘南三丁目,10,8,kyougaoka.pdf,,high,
351,大字下判田610番地の21,京が丘南二丁目33－7,京が丘南三丁目,10,7,kyougaoka.pdf,,high,
352,大字下判田610番地の22,京が丘南二丁目33－6,京が丘南三丁目,10,6,kyougaoka.pdf,,high,
353,大字下判田610番地の23,京が丘南二丁目33－5,京が丘南三丁目,10,5,kyougaoka.pdf,,high,
354,大字下判田610番地の24,京が丘南二丁目33－4,京が丘南三丁目,10,4,kyougaoka.pdf,,high,
355,大字下判田610番地の25,京が丘南二丁目33－3,京が丘南三丁目,10,3,kyougaoka.pdf,,high,
356,大字松岡833番地の17,京が丘南二丁目31－2,京が丘南三丁目,8,2,kyougaoka.pdf,,high,
357,大字松岡833番地の18,京が丘南二丁目26－10,京が丘南三丁目,3,10,kyougaoka.pdf,,high,
358,大字松岡833番地の19,京が丘南二丁目26－11,京が丘南三丁目,3,11,kyougaoka.pdf,,high,
359,大字松岡833番地の20,京が丘南二丁目26－12,京が丘南三丁目,3,12,kyougaoka.pdf,,high,
360,大字松岡833番地の21,京が丘南二丁目26－13,京が丘南三丁目,3,13,kyougaoka.pdf,,high,
361,大字松岡833番地の22,京が丘南二丁目26－14,京が丘南三丁目,3,14,kyougaoka.pdf,,high,
362,大字松岡833番地の24,京が丘南二丁目29－3,京が丘南三丁目,6,3,kyougaoka.pdf,,high,
363,大字松岡833番地の25,京が丘南二丁目29－4,京が丘南三丁目,6,4,kyougaoka.pdf,,high,
364,大字松岡833番地の26,京が丘南二丁目29－5,京が丘南三丁目,6,5,kyougaoka.pdf,,high,
365,大字松岡833番地の27,京が丘南二丁目29－13,京が丘南三丁目,6,13,kyougaoka.pdf,,high,
366,大字松岡833番地の28,京が丘南二丁目29－14,京が丘南三丁目,6,14,kyougaoka.pdf,,high,
367,大字松岡833番地の29,京が丘南二丁目29－1,京が丘南三丁目,6,1,kyougaoka.pdf,,high,
368,大字松岡833番地の31,京が丘南二丁目30－3,京が丘南三丁目,7,3,kyougaoka.pdf,,high,
369,大字松岡833番地の32,京が丘南二丁目30－4,京が丘南三丁目,7,4,kyougaoka.pdf,,high,
370,大字松岡833番地の34,京が丘南二丁目30－16,京が丘南三丁目,7,16,kyougaoka.pdf,,high,
371,大字松岡833番地の35,京が丘南二丁目30－1,京が丘南三丁目,7,1,kyougaoka.pdf,,high,
372,大字松岡833番地の5,京が丘南二丁目30－2,京が丘南三丁目,7,2,kyougaoka.pdf,,high,
373,大字松岡833番地の8,京が丘南二丁目29－2,京が丘南三丁目,6,2,kyougaoka.pdf,,high,
374,大字松岡848番地の32,京が丘南二丁目32－2,京が丘南三丁目,9,2,kyougaoka.pdf,,high,
375,大字松岡848番地の36,京が丘南二丁目29－6,京が丘南三丁目,6,6,kyougaoka.pdf,,high,
376,大字松岡848番地の37,京が丘南二丁目29－7,京が丘南三丁目,6,7,kyougaoka.pdf,,high,
377,大字松岡848番地の38,京が丘南二丁目29－8,京が丘南三丁目,6,8,kyougaoka.pdf,,high,
378,大字松岡848番地の39,京が丘南二丁目29－9,京が丘南三丁目,6,9,kyougaoka.pdf,,high,
379,大字松岡848番地の40,京が丘南二丁目29－10,京が丘南三丁目,6,10,kyougaoka.pdf,,high,
380,大字松岡848番地の41,京が丘南二丁目29－11,京が丘南三丁目,6,11,kyougaoka.pdf,,high,
381,大字松岡848番地の42,京が丘南二丁目29－12,京が丘南三丁目,6,12,kyougaoka.pdf,,high,
382,大字松岡848番地の44,京が丘南二丁目30－5,京が丘南三丁目,7,5,kyougaoka.pdf,,high,
383,大字松岡848番地の45,京が丘南二丁目30－6,京が丘南三丁目,7,6,kyougaoka.pdf,,high,
384,大字松岡848番地の46,京が丘南二丁目30－7,京が丘南三丁目,7,7,kyougaoka.pdf,,high,
385,大字松岡848番地の47,京が丘南二丁目30－8,京が丘南三丁目,7,8,kyougaoka.pdf,,high,
386,大字松岡848番地の49,京が丘南二丁目30－12,京が丘南三丁目,7,12,kyougaoka.pdf,,high,
387,大字松岡848番地の50,京が丘南二丁目30－13,京が丘南三丁目,7,13,kyougaoka.pdf,,high,
388,大字松岡848番地の51,京が丘南二丁目30－14,京が丘南三丁目,7,14,kyougaoka.pdf,,high,
389,大字松岡848番地の52,京が丘南二丁目30－15,京が丘南三丁目,7,15,kyougaoka.pdf,,high,
390,大字松岡848番地の54,京が丘南二丁目31－3,京が丘南三丁目,8,3,kyougaoka.pdf,,high,
391,大字松岡848番地の55,京が丘南二丁目31－4,京が丘南三丁目,8,4,kyougaoka.pdf,,high,
392,大字松岡848番地の56,京が丘南二丁目31－5,京が丘南三丁目,8,5,kyougaoka.pdf,,high,
393,大字松岡848番地の57,京が丘南二丁目31－6,京が丘南三丁目,8,6,kyougaoka.pdf,,high,
394,大字松岡848番地の60,京が丘南二丁目31－12,京が丘南三丁目,8,12,kyougaoka.pdf,,high,
395,大字松岡848番地の61,京が丘南二丁目31－13,京が丘南三丁目,8,13,kyougaoka.pdf,,high,資料上2回出現
396,大字松岡848番地の62,京が丘南二丁目31－14,京が丘南三丁目,8,14,kyougaoka.pdf,,high,
397,大字松岡848番地の63,京が丘南二丁目31－1,京が丘南三丁目,8,1,kyougaoka.pdf,,high,
398,大字松岡848番地の65,京が丘南二丁目25－11,京が丘南三丁目,2,11,kyougaoka.pdf,,high,
399,大字松岡848番地の67,京が丘南二丁目25－12,京が丘南三丁目,2,12,kyougaoka.pdf,,high,
400,大字松岡848番地の70,京が丘南二丁目32－3,京が丘南三丁目,9,3,kyougaoka.pdf,,high,
401,大字松岡848番地の74,京が丘南二丁目32－5,京が丘南三丁目,9,5,kyougaoka.pdf,,high,
402,大字松岡848番地の76,京が丘南二丁目32－1,京が丘南三丁目,9,1,kyougaoka.pdf,,high,
403,大字松岡852番地の150,京が丘南二丁目28－2,京が丘南三丁目,5,2,kyougaoka.pdf,,high,
404,大字松岡852番地の153,京が丘南二丁目25－2,京が丘南三丁目,2,2,kyougaoka.pdf,,high,
405,大字松岡852番地の154,京が丘南二丁目25－7,京が丘南三丁目,2,7,kyougaoka.pdf,,high,
406,大字松岡852番地の157,京が丘南二丁目24－8,京が丘南三丁目,1,8,kyougaoka.pdf,,high,
407,大字松岡852番地の158,京が丘南二丁目24－7,京が丘南三丁目,1,7,kyougaoka.pdf,,high,
408,大字松岡852番地の159,京が丘南二丁目24－6,京が丘南三丁目,1,6,kyougaoka.pdf,,high,資料上2回出現
409,大字松岡852番地の162,京が丘南二丁目24－3,京が丘南三丁目,1,3,kyougaoka.pdf,,high,
410,大字松岡852番地の163,京が丘南二丁目24－2,京が丘南三丁目,1,2,kyougaoka.pdf,,high,
411,大字松岡852番地の164,京が丘南二丁目28－3,京が丘南三丁目,5,3,kyougaoka.pdf,,high,
412,大字松岡852番地の165,京が丘南二丁目28－4,京が丘南三丁目,5,4,kyougaoka.pdf,,high,
413,大字松岡852番地の166,京が丘南二丁目28－5,京が丘南三丁目,5,5,kyougaoka.pdf,,high,
414,大字松岡852番地の167,京が丘南二丁目28－6,京が丘南三丁目,5,6,kyougaoka.pdf,,high,
415,大字松岡852番地の168,京が丘南二丁目28－7,京が丘南三丁目,5,7,kyougaoka.pdf,,high,
416,大字松岡852番地の169,京が丘南二丁目28－8,京が丘南三丁目,5,8,kyougaoka.pdf,,high,
417,大字松岡852番地の171,京が丘南二丁目28－10,京が丘南三丁目,5,10,kyougaoka.pdf,,high,
418,大字松岡852番地の172,京が丘南二丁目28－11,京が丘南三丁目,5,11,kyougaoka.pdf,,high,
419,大字松岡852番地の173,京が丘南二丁目28－12,京が丘南三丁目,5,12,kyougaoka.pdf,,high,
420,大字松岡852番地の174,京が丘南二丁目28－13,京が丘南三丁目,5,13,kyougaoka.pdf,,high,
421,大字松岡852番地の175,京が丘南二丁目28－14,京が丘南三丁目,5,14,kyougaoka.pdf,,high,
422,大字松岡852番地の176,京が丘南二丁目28－15,京が丘南三丁目,5,15,kyougaoka.pdf,,high,
423,大字松岡852番地の177,京が丘南二丁目28－16,京が丘南三丁目,5,16,kyougaoka.pdf,,high,
424,大字松岡852番地の178,京が丘南二丁目28－17,京が丘南三丁目,5,17,kyougaoka.pdf,,high,
425,大字松岡852番地の179,京が丘南二丁目28－1,京が丘南三丁目,5,1,kyougaoka.pdf,,high,
426,大字松岡852番地の180,京が丘南二丁目27－3,京が丘南三丁目,4,3,kyougaoka.pdf,,high,
427,大字松岡852番地の181,京が丘南二丁目27－4,京が丘南三丁目,4,4,kyougaoka.pdf,,high,
428,大字松岡852番地の182,京が丘南二丁目27－5,京が丘南三丁目,4,5,kyougaoka.pdf,,high,
429,大字松岡852番地の183,京が丘南二丁目27－6,京が丘南三丁目,4,6,kyougaoka.pdf,,high,
430,大字松岡852番地の184,京が丘南二丁目27－7,京が丘南三丁目,4,7,kyougaoka.pdf,,high,
431,大字松岡852番地の185,京が丘南二丁目27－8,京が丘南三丁目,4,8,kyougaoka.pdf,,high,
432,大字松岡852番地の186,京が丘南二丁目27－9,京が丘南三丁目,4,9,kyougaoka.pdf,,high,
433,大字松岡852番地の187,京が丘南二丁目27－10,京が丘南三丁目,4,10,kyougaoka.pdf,,high,
434,大字松岡852番地の188,京が丘南二丁目27－11,京が丘南三丁目,4,11,kyougaoka.pdf,,high,
435,大字松岡852番地の189,京が丘南二丁目27－12,京が丘南三丁目,4,12,kyougaoka.pdf,,high,
436,大字松岡852番地の190,京が丘南二丁目27－13,京が丘南三丁目,4,13,kyougaoka.pdf,,high,
437,大字松岡852番地の191,京が丘南二丁目27－14,京が丘南三丁目,4,14,kyougaoka.pdf,,high,
438,大字松岡852番地の192,京が丘南二丁目27－15,京が丘南三丁目,4,15,kyougaoka.pdf,,high,
439,大字松岡852番地の193,京が丘南二丁目27－16,京が丘南三丁目,4,16,kyougaoka.pdf,,high,
440,大字松岡852番地の194,京が丘南二丁目27－17,京が丘南三丁目,4,17,kyougaoka.pdf,,high,
441,大字松岡852番地の195,京が丘南二丁目27－1,京が丘南三丁目,4,1,kyougaoka.pdf,,high,
442,大字松岡852番地の196,京が丘南二丁目26－3,京が丘南三丁目,3,3,kyougaoka.pdf,,high,
443,大字松岡852番地の197,京が丘南二丁目26－4,京が丘南三丁目,3,4,kyougaoka.pdf,,high,
444,大字松岡852番地の198,京が丘南二丁目26－5,京が丘南三丁目,3,5,kyougaoka.pdf,,high,
445,大字松岡852番地の199,京が丘南二丁目26－6,京が丘南三丁目,3,6,kyougaoka.pdf,,high,
446,大字松岡852番地の201,京が丘南二丁目26－8,京が丘南三丁目,3,8,kyougaoka.pdf,,high,資料上2回出現
447,大字松岡852番地の202,京が丘南二丁目26－9,京が丘南三丁目,3,9,kyougaoka.pdf,,high,
448,大字松岡852番地の205,京が丘南二丁目26－15,京が丘南三丁目,3,15,kyougaoka.pdf,,high,
449,大字松岡852番地の206,京が丘南二丁目26－16,京が丘南三丁目,3,16,kyougaoka.pdf,,high,
450,大字松岡852番地の207,京が丘南二丁目26－17,京が丘南三丁目,3,17,kyougaoka.pdf,,high,
451,大字松岡852番地の208,京が丘南二丁目26－18,京が丘南三丁目,3,18,kyougaoka.pdf,,high,
452,大字松岡852番地の209,京が丘南二丁目26－19,京が丘南三丁目,3,19,kyougaoka.pdf,,high,
453,大字松岡852番地の210,京が丘南二丁目26－20,京が丘南三丁目,3,20,kyougaoka.pdf,,high,
454,大字松岡852番地の213,京が丘南二丁目25－3,京が丘南三丁目,2,3,kyougaoka.pdf,,high,
455,大字松岡852番地の217,京が丘南二丁目25－5,京が丘南三丁目,2,5,kyougaoka.pdf,,high,
456,大字松岡852番地の219,京が丘南二丁目25－6,京が丘南三丁目,2,6,kyougaoka.pdf,,high,
457,大字松岡852番地の222,京が丘南二丁目25－8,京が丘南三丁目,2,8,kyougaoka.pdf,,high,
458,大字松岡852番地の224,京が丘南二丁目25－9,京が丘南三丁目,2,9,kyougaoka.pdf,,high,
459,大字松岡852番地の226,京が丘南二丁目25－10,京が丘南三丁目,2,10,kyougaoka.pdf,,high,
460,大字松岡852番地の233,京が丘南二丁目25－17,京が丘南三丁目,2,17,kyougaoka.pdf,,high,
461,大字松岡852番地の235,京が丘南二丁目25－16,京が丘南三丁目,2,16,kyougaoka.pdf,,high,
462,大字松岡852番地の240,京が丘南二丁目25－13,京が丘南三丁目,2,13,kyougaoka.pdf,,high,